<nocblock>
  <name>Digital Gain</name>
  <blockname>DigitalGain</blockname>
  <!--There can be several of these:-->
  <ids>
    <id revision="0">B160</id>
  </ids>
  <!-- Registers -->
  <registers>
    <setreg>
      <name>GAIN</name>
      <address>128</address>
    </setreg>
  </registers>
  <!-- Args -->
  <args>
    <arg>
      <name>gain</name>
      <type>double</type>
      <value>1.0</value>
      <check>GE($gain, 0.0) AND LE($gain, 32767.0)</check>
      <check_message>Invalid gain.</check_message>
      <action>
        SR_WRITE("GAIN", IROUND($gain))
      </action>
    </arg>
  </args>
  <!-- Ports -->
  <ports>
    <sink>
      <name>in0</name>
      <type>sc16</type>
    </sink>
    <source>
      <name>out0</name>
      <type>sc16</type>
    </source>
  </ports>
</nocblock>
