<!--This defines one NoC-Block.-->
<nocblock>
  <name>Log Power</name>
  <blockname>LogPwr</blockname>
  <!--There can be several of these:-->
  <ids>
    <id revision="0">4C50</id>
  </ids>
  <!-- Args -->
  <args>
    <arg>
      <name>spp</name>
      <type>int</type>
      <value>256</value>
    </arg>
  </args>
  <!--All the connections to the outside world are listed in 'ports':-->
  <ports>
    <sink>
      <name>in</name>
      <type>sc16</type>
      <vlen>$spp</vlen>
      <pkt_size>%vlen</pkt_size>
    </sink>
    <source>
      <name>out</name>
      <type>sc16</type>
      <vlen>$spp</vlen>
      <pkt_size>%vlen</pkt_size>
    </source>
  </ports>
  <!--<components>-->
    <!--<component>-->
      <!--<key revision="1">nocshell</key>-->
    <!--</component>-->
    <!--<component srbase="0">-->
      <!--[>Will look for a component with this key:<]-->
      <!--<key revision="1">componentname</key>-->
    <!--</component>-->
  <!--</components>-->
  <!--<connection>-->
    <!--<source port="0">nocshell</source>-->
    <!--<sink port="0">componentname</sink>-->
  <!--</connection>-->
  <!--<connection>-->
    <!--<source port="0">componentname</source>-->
    <!--<sink port="0">nocshell</sink>-->
  <!--</connection>-->
</nocblock>
