<!--This defines one NoC-Block.-->
<nocblock>
  <name>Schmidl &amp; Cox</name>
  <blockname>SchmidlCox</blockname>
  <!--There can be several of these:-->
  <ids>
    <id revision="0">5CC0</id>
  </ids>
  <!-- Registers -->
  <registers>
    <setreg>
      <name>FRAME_LENGTH</name>
      <address>129</address>
    </setreg>
    <setreg>
      <name>CP_LENGTH</name>
      <address>130</address>
    </setreg>
    <setreg>
      <name>DELAY</name>
      <address>131</address>
    </setreg>
    <setreg>
      <name>NUM_SYMBOLS_MAX</name>
      <address>132</address>
    </setreg>
    <setreg>
      <name>THRESHOLD</name>
      <address>134</address>
    </setreg>
    <setreg>
      <name>AGC_REF_LEVEL</name>
      <address>135</address>
    </setreg>
  </registers>
  <!-- Args -->
  <args>
    <arg>
      <name>fftsize</name>
      <type>int</type>
      <value>64</value>
      <!--TODO: Make publisher, when setting this value, check if equal to GET()-->
    </arg>
    <arg>
      <name>frame_len</name>
      <type>int</type>
      <value>64</value>
      <action>SR_WRITE("FRAME_LENGTH", $frame_len)</action>
    </arg>
    <arg>
      <name>cp_len</name>
      <type>int</type>
      <value>16</value>
      <action>SR_WRITE("CP_LENGTH", $cp_len)</action>
    </arg>
    <arg>
      <name>threshold</name>
      <type>double</type>
      <value>0.8</value>
      <check>GE($threshold, 0.0) AND LE($threshold, 1.0)</check>
      <check_message>Detection threshold must be in [0, 1].</check_message>
      <action>SR_WRITE("THRESHOLD", IROUND(MULT(16384.0, $threshold)))</action>
    </arg>
    <arg>
      <name>delay</name>
      <type>int</type>
      <value>146</value>
      <check>GE($delay, 0) AND LE($delay, 32767)</check>
      <check_message>Invalid delay.</check_message>
      <action>SR_WRITE("DELAY", $delay)</action>
    </arg>
    <arg>
      <name>max_num_symbols</name>
      <type>int</type>
      <value>12</value>
      <check>GE($max_num_symbols, 0) AND LE($max_num_symbols, 1000)</check>
      <check_message>Invalid number of max symbols.</check_message>
      <action>SR_WRITE("NUM_SYMBOLS_MAX", $max_num_symbols)</action>
    </arg>
    <arg>
      <name>agc_ref_level</name>
      <type>double</type>
      <value>0.125</value>
      <check>GE($agc_ref_level, 0.0) AND LE($agc_ref_level, 1.0)</check>
      <check_message>AGC reference level must be in [0, 1].</check_message>
      <action>SR_WRITE("AGC_REF_LEVEL", IROUND(MULT(32768.0, $agc_ref_level)))</action>
    </arg>
  </args>
  <ports>
    <sink>
      <name>in</name>
      <type>sc16</type>
    </sink>
    <source>
      <name>out</name>
      <type>sc16</type>
      <vlen>$fftsize</vlen>
      <pkt_size>%vlen</pkt_size>
    </source>
  </ports>
</nocblock>
