<!--This defines one NoC-Block.-->
<nocblock>
  <name>Split Stream</name>
  <blockname>SplitStream</blockname>
  <!--There can be several of these:-->
  <ids>
    <id revision="0">5757</id>
  </ids>
  <!-- This block takes any type, hence we skip the <type> tag: -->
  <ports>
    <sink>
      <name>in</name>
    </sink>
    <source>
      <name>out0</name>
    </source>
    <source>
      <name>out1</name>
    </source>
  </ports>
  <!--<components>-->
    <!--<component>-->
      <!--<key revision="1">nocshell</key>-->
    <!--</component>-->
    <!--<component srbase="0">-->
      <!--[>Will look for a component with this key:<]-->
      <!--<key revision="1">componentname</key>-->
    <!--</component>-->
  <!--</components>-->
  <!--<connection>-->
    <!--<source port="0">nocshell</source>-->
    <!--<sink port="0">componentname</sink>-->
  <!--</connection>-->
  <!--<connection>-->
    <!--<source port="0">componentname</source>-->
    <!--<sink port="0">nocshell</sink>-->
  <!--</connection>-->
</nocblock>
